{
  "#ALL_SERVICES": {
    "active_intent_accuracy": 0.16707362566554754,
    "average_cat_accuracy": 0.13536013315847875,
    "average_goal_accuracy": 0.18166346454362658,
    "average_noncat_accuracy": 0.2762363878591288,
    "joint_cat_accuracy": 0.35579923129097896,
    "joint_goal_accuracy": 0.25609798034727166,
    "joint_noncat_accuracy": 0.35535831736019263,
    "requested_slots_f1": 0.8907265833046686,
    "requested_slots_precision": 0.901132985157301,
    "requested_slots_recall": 0.9833259854625201,
    "slot_tagging_f1": 1.0,
    "slot_tagging_precision": 1.0,
    "slot_tagging_recall": 1.0
  },
  "#UNSEEN_SERVICES": {
    "active_intent_accuracy": 0.16707362566554754,
    "average_cat_accuracy": 0.13536013315847875,
    "average_goal_accuracy": 0.18166346454362658,
    "average_noncat_accuracy": 0.2762363878591288,
    "joint_cat_accuracy": 0.35579923129097896,
    "joint_goal_accuracy": 0.25609798034727166,
    "joint_noncat_accuracy": 0.35535831736019263,
    "requested_slots_f1": 0.8907265833046686,
    "requested_slots_precision": 0.901132985157301,
    "requested_slots_recall": 0.9833259854625201,
    "slot_tagging_f1": 1.0,
    "slot_tagging_precision": 1.0,
    "slot_tagging_recall": 1.0
  },
  "attraction": {
    "active_intent_accuracy": 0.24189390856057522,
    "average_cat_accuracy": 0.21081349206349206,
    "average_goal_accuracy": 0.2177688724482806,
    "average_noncat_accuracy": 0.2359658246656761,
    "joint_cat_accuracy": 0.25139058472391806,
    "joint_goal_accuracy": 0.0924718491385158,
    "joint_noncat_accuracy": 0.2635992402659069,
    "requested_slots_f1": 0.8670245686118702,
    "requested_slots_precision": 0.884830190385746,
    "requested_slots_recall": 0.9612897390675169,
    "slot_tagging_f1": 1.0,
    "slot_tagging_precision": 1.0,
    "slot_tagging_recall": 1.0
  },
  "bus": {
    "active_intent_accuracy": 0.08084644601193706,
    "joint_cat_accuracy": 0.5105805751492133,
    "joint_goal_accuracy": 0.14012479652740098,
    "joint_noncat_accuracy": 0.1408030385241454,
    "requested_slots_f1": 0.9998643516006511,
    "requested_slots_precision": 0.9998643516006511,
    "requested_slots_recall": 1.0,
    "slot_tagging_f1": 1.0,
    "slot_tagging_precision": 1.0,
    "slot_tagging_recall": 1.0
  },
  "hospital": {
    "active_intent_accuracy": 0.13307107976125881,
    "joint_goal_accuracy": 0.3788659793814433,
    "joint_noncat_accuracy": 0.3788659793814433,
    "requested_slots_f1": 0.884020618556701,
    "requested_slots_precision": 0.884020618556701,
    "requested_slots_recall": 1.0,
    "slot_tagging_f1": 1.0,
    "slot_tagging_precision": 1.0,
    "slot_tagging_recall": 1.0
  },
  "hotel": {
    "active_intent_accuracy": 0.22968389635056302,
    "average_cat_accuracy": 0.09391350210970463,
    "average_goal_accuracy": 0.1334871323078433,
    "average_noncat_accuracy": 0.35868045649072755,
    "joint_cat_accuracy": 0.10961877628544295,
    "joint_goal_accuracy": 0.062439289105955774,
    "joint_noncat_accuracy": 0.29369420702754034,
    "requested_slots_f1": 0.8490758506631523,
    "requested_slots_precision": 0.8626825849048072,
    "requested_slots_recall": 0.9774114774114774,
    "slot_tagging_f1": 1.0,
    "slot_tagging_precision": 1.0,
    "slot_tagging_recall": 1.0
  },
  "police": {
    "active_intent_accuracy": 0.16020075963103636,
    "joint_cat_accuracy": 1.0,
    "joint_goal_accuracy": 0.9995930548019534,
    "joint_noncat_accuracy": 0.9995930548019534,
    "requested_slots_f1": 0.872083559413999,
    "requested_slots_precision": 0.872083559413999,
    "requested_slots_recall": 1.0,
    "slot_tagging_f1": 1.0,
    "slot_tagging_precision": 1.0,
    "slot_tagging_recall": 1.0
  },
  "restaurant": {
    "active_intent_accuracy": 0.24389582202930005,
    "average_cat_accuracy": 0.21270486514388956,
    "average_goal_accuracy": 0.27787026425498695,
    "average_noncat_accuracy": 0.37981749566938877,
    "joint_cat_accuracy": 0.1367335865436788,
    "joint_goal_accuracy": 0.05858760173629951,
    "joint_noncat_accuracy": 0.19583381918068363,
    "requested_slots_f1": 0.8530927835051546,
    "requested_slots_precision": 0.8683532284319045,
    "requested_slots_recall": 0.9766232591788749,
    "slot_tagging_f1": 1.0,
    "slot_tagging_precision": 1.0,
    "slot_tagging_recall": 1.0
  },
  "taxi": {
    "active_intent_accuracy": 0.0892566467715681,
    "average_goal_accuracy": 0.3360578920041537,
    "average_noncat_accuracy": 0.3360578920041537,
    "joint_goal_accuracy": 0.19416230236028215,
    "joint_noncat_accuracy": 0.19416230236028215,
    "requested_slots_f1": 0.8913004159884246,
    "requested_slots_precision": 0.8933803581117743,
    "requested_slots_recall": 0.9938279978296256,
    "slot_tagging_f1": 1.0,
    "slot_tagging_precision": 1.0,
    "slot_tagging_recall": 1.0
  },
  "train": {
    "active_intent_accuracy": 0.15775908844275638,
    "average_cat_accuracy": 0.04919610507246376,
    "average_goal_accuracy": 0.06697207146087744,
    "average_noncat_accuracy": 0.12755690737833594,
    "joint_cat_accuracy": 0.12642430819316333,
    "joint_goal_accuracy": 0.12249050461204558,
    "joint_noncat_accuracy": 0.3762940857297884,
    "requested_slots_f1": 0.9093416531018267,
    "requested_slots_precision": 0.9438415626695605,
    "requested_slots_recall": 0.9574516187375657,
    "slot_tagging_f1": 1.0,
    "slot_tagging_precision": 1.0,
    "slot_tagging_recall": 1.0
  }
}