{
  "#ALL_SERVICES": {
    "active_intent_accuracy": 0.16376708379964053,
    "average_cat_accuracy": 0.17191434528012758,
    "average_goal_accuracy": 0.22098776610603582,
    "average_noncat_accuracy": 0.3308801552363299,
    "joint_cat_accuracy": 0.34105810535835407,
    "joint_goal_accuracy": 0.22305980813578866,
    "joint_noncat_accuracy": 0.290733498914776,
    "requested_slots_f1": 0.8845907209041811,
    "requested_slots_precision": 0.8936547098236995,
    "requested_slots_recall": 0.9851573009574842,
    "slot_tagging_f1": 1.0,
    "slot_tagging_precision": 1.0,
    "slot_tagging_recall": 1.0
  },
  "#UNSEEN_SERVICES": {
    "active_intent_accuracy": 0.16376708379964053,
    "average_cat_accuracy": 0.17191434528012758,
    "average_goal_accuracy": 0.22098776610603582,
    "average_noncat_accuracy": 0.3308801552363299,
    "joint_cat_accuracy": 0.34105810535835407,
    "joint_goal_accuracy": 0.22305980813578866,
    "joint_noncat_accuracy": 0.290733498914776,
    "requested_slots_f1": 0.8845907209041811,
    "requested_slots_precision": 0.8936547098236995,
    "requested_slots_recall": 0.9851573009574842,
    "slot_tagging_f1": 1.0,
    "slot_tagging_precision": 1.0,
    "slot_tagging_recall": 1.0
  },
  "attraction": {
    "active_intent_accuracy": 0.2372812372812373,
    "average_cat_accuracy": 0.25049603174603174,
    "average_goal_accuracy": 0.1688587477736676,
    "average_noncat_accuracy": 0.0,
    "joint_cat_accuracy": 0.2323972323972324,
    "joint_goal_accuracy": 0.08465608465608465,
    "joint_noncat_accuracy": 0.34201600868267534,
    "requested_slots_f1": 0.8672965482489291,
    "requested_slots_precision": 0.8905847239180572,
    "requested_slots_recall": 0.9624429068873512,
    "slot_tagging_f1": 1.0,
    "slot_tagging_precision": 1.0,
    "slot_tagging_recall": 1.0
  },
  "bus": {
    "active_intent_accuracy": 0.08545849158979923,
    "joint_cat_accuracy": 0.5922409115572437,
    "joint_goal_accuracy": 0.19533369506239825,
    "joint_noncat_accuracy": 0.19655453065653825,
    "requested_slots_f1": 0.9998643516006511,
    "requested_slots_precision": 0.9998643516006511,
    "requested_slots_recall": 1.0,
    "slot_tagging_f1": 1.0,
    "slot_tagging_precision": 1.0,
    "slot_tagging_recall": 1.0
  },
  "hospital": {
    "active_intent_accuracy": 0.13754747693977212,
    "joint_goal_accuracy": 0.3168746608790016,
    "joint_noncat_accuracy": 0.3168746608790016,
    "requested_slots_f1": 0.8806294085729789,
    "requested_slots_precision": 0.8806294085729789,
    "requested_slots_recall": 1.0,
    "slot_tagging_f1": 1.0,
    "slot_tagging_precision": 1.0,
    "slot_tagging_recall": 1.0
  },
  "hotel": {
    "active_intent_accuracy": 0.2515262515262515,
    "average_cat_accuracy": 0.13749095840867992,
    "average_goal_accuracy": 0.17849481428326094,
    "average_noncat_accuracy": 0.3939300998573466,
    "joint_cat_accuracy": 0.08547008547008547,
    "joint_goal_accuracy": 0.021062271062271064,
    "joint_noncat_accuracy": 0.10755257088590421,
    "requested_slots_f1": 0.8493789475270956,
    "requested_slots_precision": 0.8615917592108069,
    "requested_slots_recall": 0.9796047573825352,
    "slot_tagging_f1": 1.0,
    "slot_tagging_precision": 1.0,
    "slot_tagging_recall": 1.0
  },
  "police": {
    "active_intent_accuracy": 0.1079761258817146,
    "joint_cat_accuracy": 0.9952523060227889,
    "joint_goal_accuracy": 0.9915897992403689,
    "joint_noncat_accuracy": 0.9952523060227889,
    "requested_slots_f1": 0.8594682582745523,
    "requested_slots_precision": 0.8594682582745523,
    "requested_slots_recall": 1.0,
    "slot_tagging_f1": 1.0,
    "slot_tagging_precision": 1.0,
    "slot_tagging_recall": 1.0
  },
  "restaurant": {
    "active_intent_accuracy": 0.2456592512208356,
    "average_cat_accuracy": 0.2805845915602013,
    "average_goal_accuracy": 0.4273317637484013,
    "average_noncat_accuracy": 0.6374814402375649,
    "joint_cat_accuracy": 0.07352143244709712,
    "joint_goal_accuracy": 0.02548967715680955,
    "joint_noncat_accuracy": 0.057426497558328814,
    "requested_slots_f1": 0.8527149058212541,
    "requested_slots_precision": 0.8667254476397178,
    "requested_slots_recall": 0.9782510399710617,
    "slot_tagging_f1": 1.0,
    "slot_tagging_precision": 1.0,
    "slot_tagging_recall": 1.0
  },
  "taxi": {
    "active_intent_accuracy": 0.08071079761258818,
    "average_goal_accuracy": 0.35998831775700935,
    "average_noncat_accuracy": 0.35998831775700935,
    "joint_goal_accuracy": 0.12419549986435159,
    "joint_noncat_accuracy": 0.12419549986435159,
    "requested_slots_f1": 0.9051365527220111,
    "requested_slots_precision": 0.9055887140531742,
    "requested_slots_recall": 0.9938279978296256,
    "slot_tagging_f1": 1.0,
    "slot_tagging_precision": 1.0,
    "slot_tagging_recall": 1.0
  },
  "train": {
    "active_intent_accuracy": 0.1639989148128052,
    "average_cat_accuracy": 0.05046988224637681,
    "average_goal_accuracy": 0.07036872455902307,
    "average_noncat_accuracy": 0.1394740973312402,
    "joint_cat_accuracy": 0.06741725447639718,
    "joint_goal_accuracy": 0.025230602278893108,
    "joint_noncat_accuracy": 0.1859780249593055,
    "requested_slots_f1": 0.8622296721184405,
    "requested_slots_precision": 0.8847802495930549,
    "requested_slots_recall": 0.9671278712244528,
    "slot_tagging_f1": 1.0,
    "slot_tagging_precision": 1.0,
    "slot_tagging_recall": 1.0
  }
}