{
  "#ALL_SERVICES": {
    "active_intent_accuracy": 0.6859972191135076,
    "average_cat_accuracy": 0.19719496124217195,
    "average_goal_accuracy": 0.35449719857449863,
    "average_noncat_accuracy": 0.6873057615075687,
    "joint_cat_accuracy": 0.41015148089531994,
    "joint_goal_accuracy": 0.2660679825007631,
    "joint_noncat_accuracy": 0.5435689673415403,
    "requested_slots_f1": 0.9555183317264911,
    "requested_slots_precision": 0.966839906851607,
    "requested_slots_recall": 0.9867540498072596,
    "slot_tagging_f1": 1.0,
    "slot_tagging_precision": 1.0,
    "slot_tagging_recall": 1.0
  },
  "#SEEN_SERVICES": {
    "active_intent_accuracy": 0.6859972191135076,
    "average_cat_accuracy": 0.19719496124217195,
    "average_goal_accuracy": 0.35449719857449863,
    "average_noncat_accuracy": 0.6873057615075687,
    "joint_cat_accuracy": 0.41015148089531994,
    "joint_goal_accuracy": 0.2660679825007631,
    "joint_noncat_accuracy": 0.5435689673415403,
    "requested_slots_f1": 0.9555183317264911,
    "requested_slots_precision": 0.966839906851607,
    "requested_slots_recall": 0.9867540498072596,
    "slot_tagging_f1": 1.0,
    "slot_tagging_precision": 1.0,
    "slot_tagging_recall": 1.0
  },
  "attraction": {
    "active_intent_accuracy": 0.8760005426672093,
    "average_cat_accuracy": 0.2822420634920635,
    "average_goal_accuracy": 0.37936635155500753,
    "average_noncat_accuracy": 0.522852897473997,
    "joint_cat_accuracy": 0.4538054538054538,
    "joint_goal_accuracy": 0.273015873015873,
    "joint_noncat_accuracy": 0.6352950752950753,
    "requested_slots_f1": 0.9305037114560925,
    "requested_slots_precision": 0.9638221860444083,
    "requested_slots_recall": 0.9593904038348482,
    "slot_tagging_f1": 1.0,
    "slot_tagging_precision": 1.0,
    "slot_tagging_recall": 1.0
  },
  "bus": {
    "active_intent_accuracy": 0.5453065653825285,
    "joint_cat_accuracy": 0.6671188279978296,
    "joint_goal_accuracy": 0.13958220293000542,
    "joint_noncat_accuracy": 0.17254476397178514,
    "requested_slots_f1": 0.9953879544221378,
    "requested_slots_precision": 0.9953879544221378,
    "requested_slots_recall": 1.0,
    "slot_tagging_f1": 1.0,
    "slot_tagging_precision": 1.0,
    "slot_tagging_recall": 1.0
  },
  "hospital": {
    "active_intent_accuracy": 0.48792729245794897,
    "joint_goal_accuracy": 0.44628323385784047,
    "joint_noncat_accuracy": 0.44628323385784047,
    "requested_slots_f1": 0.9606619641888225,
    "requested_slots_precision": 0.9606619641888225,
    "requested_slots_recall": 1.0,
    "slot_tagging_f1": 1.0,
    "slot_tagging_precision": 1.0,
    "slot_tagging_recall": 1.0
  },
  "hotel": {
    "active_intent_accuracy": 0.6417039750373084,
    "average_cat_accuracy": 0.17529971200857278,
    "average_goal_accuracy": 0.2447851484875248,
    "average_noncat_accuracy": 0.530413694721826,
    "joint_cat_accuracy": 0.3177316510649844,
    "joint_goal_accuracy": 0.1825735992402659,
    "joint_noncat_accuracy": 0.6093664360331026,
    "requested_slots_f1": 0.9324095070126815,
    "requested_slots_precision": 0.9514652014652014,
    "requested_slots_recall": 0.9790168679057567,
    "slot_tagging_f1": 1.0,
    "slot_tagging_precision": 1.0,
    "slot_tagging_recall": 1.0
  },
  "police": {
    "active_intent_accuracy": 0.48114487249050464,
    "joint_cat_accuracy": 0.606348345089528,
    "joint_goal_accuracy": 0.606348345089528,
    "joint_noncat_accuracy": 1.0,
    "requested_slots_f1": 0.9645957677699403,
    "requested_slots_precision": 0.9645957677699403,
    "requested_slots_recall": 1.0,
    "slot_tagging_f1": 1.0,
    "slot_tagging_precision": 1.0,
    "slot_tagging_recall": 1.0
  },
  "restaurant": {
    "active_intent_accuracy": 0.7061855670103093,
    "average_cat_accuracy": 0.2896825396825397,
    "average_goal_accuracy": 0.47407657747438,
    "average_noncat_accuracy": 0.6930920564216778,
    "joint_cat_accuracy": 0.3366793271839392,
    "joint_goal_accuracy": 0.17524822300596854,
    "joint_noncat_accuracy": 0.442020208898535,
    "requested_slots_f1": 0.9492435986874402,
    "requested_slots_precision": 0.9656922589980105,
    "requested_slots_recall": 0.9813257370229699,
    "slot_tagging_f1": 1.0,
    "slot_tagging_precision": 1.0,
    "slot_tagging_recall": 1.0
  },
  "taxi": {
    "active_intent_accuracy": 0.9225447639717851,
    "average_goal_accuracy": 0.6560332294911734,
    "average_noncat_accuracy": 0.6560332294911734,
    "joint_goal_accuracy": 0.233336041779707,
    "joint_noncat_accuracy": 0.233336041779707,
    "requested_slots_f1": 0.9503074697051908,
    "requested_slots_precision": 0.9559142702116115,
    "requested_slots_recall": 0.9943705914270211,
    "slot_tagging_f1": 1.0,
    "slot_tagging_precision": 1.0,
    "slot_tagging_recall": 1.0
  },
  "train": {
    "active_intent_accuracy": 0.827183939229517,
    "average_cat_accuracy": 0.07543591485507246,
    "average_goal_accuracy": 0.24832620985979192,
    "average_noncat_accuracy": 0.8622684458398744,
    "joint_cat_accuracy": 0.0792186652197504,
    "joint_goal_accuracy": 0.07214595767769941,
    "joint_noncat_accuracy": 0.8097273467173086,
    "requested_slots_f1": 0.961030152701341,
    "requested_slots_precision": 0.9771771568095496,
    "requested_slots_recall": 0.9799240368963646,
    "slot_tagging_f1": 1.0,
    "slot_tagging_precision": 1.0,
    "slot_tagging_recall": 1.0
  }
}